TIC,number_of_flares,mean,std,ID,KIC,st_rotp,st_rotp_err,st_rotp_source,note,age,age_uperr,age_lowerr,agesource,xray_flux_erg_s,xray_flux_err_erg_s,xraysource,multiple_star,multiple_star_source,surface_field_G,surface_field_G_err,surface_field_source,st_rad_rsun,abs_tstart_min,abs_tstart_max,time_span_d,coherence_timescale_rotation_d,coherence_ratio_rotation,tstart_min,tstart_max,orbper,orbper_err,timespan_d,coherence_timescale_orbit_d,coherence_ratio_orbit,a_au,st_rad,st_rad_err1,st_rad_err2,st_lum,st_lumerr1,st_lumerr2,st_lum_reflink,st_rad_tess,pl_radj,pl_orbper_kepler,pl_orbpererr1_kepler,pl_orbpererr2_kepler,pl_orbpererr1_tess,pl_orbpererr2_tess,pl_orbper_tess,a_au_err,pl_radjerr1,pl_radjerr2,sy_dist,st_rad_err,orbper_d,orbper_d_err,B_G,high_B_G,low_B_G,Ro,Ro_high,Ro_low,obstime_d,orbits_covered,v_rel_km_s,v_rel_err_km_s,p_spi_erg_s,p_spi_erg_s_high,p_spi_erg_s_low,p_spi_erg_s_bp0,pl_orbper_bibkey,st_rad_bibkey
26417717,15,0.83275,0.015057556242631139,Kepler-808,10975146.0,39.15,4.37,mazeh2015photometric,,,,,,,,,,,,,,,2455663.119996857,2455927.042234483,263.9222376262769,350.73741418764297,0.752478141625004,830.11999685676,1094.04223448311,0.63133235,3.5e-07,263.9222376263499,1138801.5318757787,0.0002317543753138,0.0116,0.71,0.02,-0.04,-0.684,0.037,-0.04,<a refstr=GAIA_COLLABORATION_ET_AL__2018 href=https://ui.adsabs.harvard.edu/abs/2018A&A...616A...1G/abstract target=ref>Gaia DR2</a>,,0.13,0.63133235,3.5e-07,-3.5e-07,,,,0.0029,0.005,-0.0069999999999999,321.0,-0.01,0.63133235,0.0,124.79911085165529,156.71865493174505,156.71865493174505,1.4481937036483252,1.679901335103928,1.228639479405468,283.80902777777777,449.539814929138,196.66676489291604,49.16800774507497,5.85125829504497e+36,3.3773519991388064e+37,2.1800630912941952e+36,2.6457911179039376e+30,morton2016false,morton2016false
27769688,7,0.18125000000000002,0.010212900338950408,Kepler-396,11253827.0,13.311,0.048,angus2018inferring,,,,,,,,,,,,,,,2455941.2079259614,2456365.27124037,424.0633144085296,3691.3066875,0.114881626022717,1108.20792596138,1532.27124037,42.9929214,2.072e-05,424.06331440862,89208073.86614758,4.753642759341566e-06,0.2336,1.06,0.39,-0.2,-0.135,0.012,-0.015,<a refstr=STASSUN_ET_AL__2019 href=https://ui.adsabs.harvard.edu/abs/2019AJ....158..138S/abstract target=ref>TICv8</a>,0.939951,0.312,42.9929214,2.072e-05,-2.072e-05,0.0109785,-0.0109785,88.495683,0.0584,0.114,-0.0579999999999999,223.757,0.095,42.9929214,0.0,219.11800022880993,222.78120717739625,222.78120717739625,0.9264149865614779,0.9426898660202335,0.9072702246861969,546.3284722222222,12.70740518280347,-131.81011741340365,32.95972056973917,2.9092801837121962e+32,2.1906860168075015e+33,6.055277841941393e+31,3.1486830024250733e+31,,xie2014transit
28159518,7,0.8672,0.025066843971004133,Kepler-367,,15.4103,0.0645,angus2018inferring,,,,,,,,,,,,,,,2456152.800713328,2456388.4799916083,235.679278280586,3681.819319224805,0.0640116360544839,1319.80071332784,1555.47999160844,37.815724,0.000279,235.6792782806001,5125551.905534682,4.598124897069299e-05,0.201,0.69,0.04,-0.04,-0.617,0.02,-0.024,<a refstr=STASSUN_ET_AL__2019 href=https://ui.adsabs.harvard.edu/abs/2019AJ....158..138S/abstract target=ref>TICv8</a>,,0.1159999999999999,37.815724,0.000279,-0.000279,,,,0.05025,0.0139999999999999,-0.0139999999999999,188.027,0.0,37.815724,0.0,366.60766347457843,362.38911673916573,362.38911673916573,0.6157522138930711,0.6327321955107702,0.5964642550448084,438.3256944444445,11.59109619174406,-84.07313638072947,21.026673599973652,9.294783468086885e+31,4.5415884236724475e+32,2.173627947251767e+31,7.771255706627533e+30,rowe2014validation,rowe2014validation
28230919,12,0.81655,0.010816499741906627,HAT-P-11,,28.16,2.66,angus2018inferring,upper error given,,,,,3.10420755310111e+27,9.31262265930333e+26,foster2022exoplanet,background star,miskovetz2022resolving,,,,,2455763.873589182,2456014.6247052825,250.7511161006987,298.1148872180451,0.8411224224347309,930.87358918161,1181.62470528249,4.88780244,7.1e-06,250.75111610087995,3364875.027108444,7.452018695516286e-05,0.0525399999999999,0.68,0.01,-0.01,-0.5670000000000001,0.013,-0.016,<a refstr=STASSUN_ET_AL__2019 href=https://ui.adsabs.harvard.edu/abs/2019AJ....158..138S/abstract target=ref>TICv8</a>,0.759854,0.389,4.88780244,7.1e-06,-7.1e-06,2e-06,-2e-06,4.887800599999999,0.0012636516690043,0.005,-0.005,37.7647,0.0,4.88780244,0.0,165.7033962970298,1853.7317818315653,16.686929942456214,1.1918662965733011,1.3241205414399233,1.059583212638493,1043.6534722222223,213.5220244749136,96.64351274956063,3.013135685527558,8.927607243145072e+34,2.6046004962685692e+36,3.590726789709918e+33,2.0523414807717447e+31,bakos2010hatp11b,yee2018hatp11
43605290,10,0.5828,0.24249893470556386,GJ 3323,,33.0,3.3000000000000003,[*],no error given,,,,,2.07901058649506e+27,6.237031759485179e+26,foster2022exoplanet,,,,,,,2458443.8171848985,2459194.88004242,751.0628575216979,inf,0.0,1443.81718489867,2194.88004242023,5.3636,0.0007,751.0628575215601,41097.43565714286,0.0182751757016504,0.03282,0.12,0.03,-0.03,-2.569,0.537,-1.431,<a refstr=ASTUDILLO_DEFRU_ET_AL__2017 href=https://ui.adsabs.harvard.edu/abs/2017A&A...602A..88A/abstract target=ref>Astudillo-Defru et al. 2017</a>,,0.1115522044929689,5.3636,0.0007,-0.0007,,,,0.0008798835625165,0.0273142446405734,-0.0179303899718302,5.37484,0.0,5.3636,0.0,4128.579343432534,45726.36405098381,419.63998913111027,0.13935059533114835,0.28444710209390345,0.024146341463414635,47.98171296296296,8.945803744306614,55.74953669589828,1.8451350502414126,2.0240706958777203e+36,8.918697652340416e+37,5.88232188896784e+34,6.0438508882120296e+32,astudillo-defru2017harps,astudillo-defru2017harps
48353358,81,0.09775,0.013737903770226378,Kepler-1651,,18.184,0.133,mcquillan2013stellar,,,,,,4.47081352815166e+28,1.341244058445498e+28,foster2022exoplanet,binary at 210 AU,kraus2016impact,,,,,2456107.3920110567,2459023.9235713314,2916.5315602747723,2486.149293233083,1.173111996215643,2456107.3920110567,2459023.9235713314,9.87863917,1.0385e-05,2916.5315602747723,9396967.92017894,0.0003103694282079,0.0692,0.5,0.03,-0.03,-1.368,0.069,-0.064,<a refstr=MANN_ET_AL__2017 href=https://ui.adsabs.harvard.edu/abs/2017AJ....153..267M/abstract target=ref>Mann et al. 2017</a>,,0.1639999999999999,9.87863917,1.067e-05,-1.01e-05,,,,0.0005872316255931,0.01,-0.01,66.4074,0.0,9.87863917,2.849999999999998e-07,1658.0455030634691,19826.841363056352,156.9703241668973,0.3060443112716773,0.3337714873056497,0.2822254373866444,371.6513888888889,37.621719195649995,34.807240372546346,0.42301306829656865,4.094897771733348e+34,1.3200207649236872e+36,1.4878819028909204e+33,1.3154219122125093e+32,mann2017gold,mann2017gold
63126862,27,0.86895,0.01529302673334048,Kepler-42,,68.23,1.78,mazeh2015photometric,,,,,,,,,,,,,,,2455702.519508463,2456307.0575847006,604.5380762377754,2615.355561797753,0.2311494792785366,869.519508463061,1474.05758470048,0.45328509,9.7e-07,604.538076237419,211822.03383124547,0.0028539905188477,0.006,0.17,0.04,-0.04,-2.62,0.3,-0.3,<a refstr=MUIRHEAD_ET_AL__2012 href=https://ui.adsabs.harvard.edu/abs/2012arXiv1201.2189M/abstract target=ref> Muirhead et al. 2012 </a>,,0.065,0.45328509,9.7e-07,-9.7e-07,,,,0.0015,0.018,-0.018,40.0595,0.0,0.45328509,0.0,1027.8377139799873,1388.8291482837594,1388.8291482837594,0.27168787679275674,0.39378118921979455,0.1873224692078921,828.5263888888887,1827.8262558534382,143.0462569179014,35.76157293866084,2.4723645165225497e+38,2.3790632351478838e+39,5.932007784864579e+37,3.263376658011555e+31,muirhead2012characterizing,muirhead2012characterizing
67646988,11,0.079,0.012761400132169408,LP 261-75,,2.219,0.2219,[*],no error given,,,,,,,,,,,,,,2458872.246484141,2459632.382268635,760.1357844942249,inf,0.0,1872.24648414068,2632.38226863517,1.8817191,9.000000000000001e-07,760.13578449449,3934296.4125609,0.0001932075534694,0.0213174465911116,,,,,,,,0.31,,,,,9.000000000000001e-07,-9.000000000000001e-07,1.8817191,0.0053293616477779,,,,,1.8817191,0.0,,,,,,,45.33888888888889,24.09439798367827,18.732958637029615,11.45259600483795,,,,,,
79611981,4,0.5640000000000001,0.3750102220829009,GJ 1061,,,,dreizler2020reddots,"50-200 days estimated, very slow in any case",,,,,6.36924892924871e+25,1.9107746787746129e+25,foster2022exoplanet, ,,,,,,2459123.887225403,2459169.1908712024,45.30364579940215,inf,0.0,2123.88722540296,2169.1908712022,3.204,0.001,45.3036457992398,10265.616000000002,0.004413144403535,0.021,0.16,0.01,-0.01,-2.77,0.025,-0.026,<a refstr=DREIZLER_ET_AL__2020 href=https://ui.adsabs.harvard.edu/abs/2020MNRAS.493..536D/abstract target=ref>Dreizler et al. 2020</a>,,0.0987176860203732,3.204,0.001,-0.001,,,,0.0010345323120143,0.0123917885575511,-0.0114292304675267,3.67278,0.0,3.204,0.0,255.76543193040052,2596.503318184647,28.18187174444758,,,,86.07060185185186,26.863483724048645,,,,,,,dreizler2020reddots,dreizler2020reddots
98796344,15,0.8269,0.024964241092677582,LTT 1445 A,,,,winters2022second,85 d expected but not yet measured,,,,,,,,hierarchical triple system,winters2019three,,,,,2458414.0491469777,2459167.369617625,753.3204706474207,inf,0.0,1414.04914697762,2167.36961762519,3.1239035,3.5000000000000004e-06,753.3204706475701,2788220.879232072,0.0002701796246698,0.02661,0.27,0.01,-0.01,-2.046,0.096,-0.123,<a refstr=STASSUN_ET_AL__2019 href=https://ui.adsabs.harvard.edu/abs/2019AJ....158..138S/abstract target=ref>TICv8</a>,0.275953,0.102,3.1239035,3.4e-06,-3.6000000000000003e-06,7.499999999999999e-06,-7.499999999999999e-06,5.358776,0.0006700811882708,0.005,-0.005,6.86929,0.0,3.1239035,-1.000000000000001e-07,,,,,,,43.83148148148148,14.03099727039631,,,,,,,winters2022second,winters2022second
120105470,49,0.44415,0.028352248588074995,Kepler-1627,6184894.0,2.5949,0.0007,reinhold2013rotation,,38.0,6.0,5.0,bouma202238a,4.64919818153724e+29,1.394759454461172e+29,foster2022exoplanet,binary,kraus2016impact,,,,,2456214.5884391926,2459767.55,3552.961560807191,9619.2943,0.3693578187754575,2456214.5884391926,2459749.779347797,7.20283653,8.773e-05,3535.190908604301,591369.5893981812,0.0059779721040474,0.0643,0.84,0.09,-0.07,-0.303,0.021,-0.022,<a refstr=STASSUN_ET_AL__2019 href=https://ui.adsabs.harvard.edu/abs/2019AJ....158..138S/abstract target=ref>TICv8</a>,,0.3289999999999999,7.20283653,8.773e-05,-8.773e-05,,,,0.016075,0.044,-0.037,317.437,0.009999999999999995,7.20283653,0.0,2586.0885400791994,32020.569086443105,237.5298251879518,0.14883857884772675,0.1525220570918531,0.14507692557004134,179.47708333333335,24.91755610248916,-172.4585835447937,43.11470721485756,1.9812478064490702e+36,2.8818892784643006e+38,1.9868575163733232e+34,6.380846300263364e+33,morton2016false,morton2016false
122066949,4,0.43785,0.01478411309480553,Kepler-705,,20.09,1.0,torres2017validation,,,,,,,,,,,,,,,2455960.161772954,2456262.0805457807,301.91877282690257,403.6081,0.7480493400080489,1127.16177295399,1429.08054578071,56.0560538,0.0002485999999999,301.91877282672,12639908.156193718,2.388615242261677e-05,0.2319999999999999,0.51,0.01,-0.02,-1.385,0.05,-0.06,<a refstr=TORRES_ET_AL__2017 href=https://ui.adsabs.harvard.edu/abs/2017AJ....154..264T/abstract target=ref>Torres et al. 2017</a>,,0.188,56.0560538,0.0002485999999999,-0.0002485999999999,,,,0.0579999999999999,0.009,-0.0069999999999999,276.881,-0.005,56.0560538,0.0,799.7031312742874,823.2052448101094,823.2052448101094,0.3315696915770817,0.36869858282346346,0.29403621048022227,452.93055555555554,8.079957914475163,-80.60646106252928,21.099602576232535,3.7309569283040665e+32,1.6980144050213732e+33,1.0869041490131154e+32,9.312323174517415e+31,morton2016false,morton2016false
138297607,13,0.1719,0.026681579163660225,Kepler-636,,17.2,0.1,mazeh2015photometric,multiple star,5.01,3.15,2.6,morton2016false,,,,binary,kraus2016impact,,,,,2455578.8702265774,2456105.4605684164,526.590341839008,2958.4,0.1779983578417415,745.870226577383,1272.46056841618,16.08066115,5.6e-06,526.5903418387969,46176368.39662845,1.1403892513064012e-05,0.1185,0.8,0.02,-0.02,-0.374,,,<a refstr=CALCULATED_VALUE href=/docs/composite_calc.html target=_blank>Calculated Value</a>,,0.397,16.08066115,5.6e-06,-5.6e-06,,,,0.029625,0.012,-0.012,310.301,0.0,16.08066115,0.0,224.38182381365203,,,0.9091244450326145,,,107.01875,6.655121266578022,5.217219613037583,1.3751738011834018,2.906108705349224e+32,,,2.1159742221316366e+30,morton2016false,morton2016false
158322085,7,0.40845,0.011036152711278809,Kepler-1558,,12.1554,0.0388,angus2018inferring,,,,,,,,,,,,,,,2455945.5115095354,2455988.7714713127,43.2599617773667,3808.086318556701,0.0113600265746503,1112.51150953541,1155.77147131263,3.50470358,1.612e-05,43.25996177722004,761969.4282670481,5.677388117211795e-05,0.0419,0.79,0.04,-0.04,-0.48,,,<a refstr=STASSUN_ET_AL__2019 href=https://ui.adsabs.harvard.edu/abs/2019AJ....158..138S/abstract target=ref>TICv8</a>,,0.061,3.50470358,1.612e-05,-1.612e-05,,,,0.010475,0.005,-0.004,325.737,0.0,3.50470358,0.0,405.2511498188247,,,0.5686750092933396,,,74.28263888888888,21.195127403296368,92.56271516582284,23.140988382620968,1.7128535466705814e+34,,,2.891073682300712e+30,morton2016false,morton2016false
158552258,3,0.28205,0.011678327505826055,Kepler-1646,,3.514,0.006,mcquillan2014rotation,,,,,,,,,,,,,,,2459415.092203276,2459764.083578512,348.991375235375,2058.0326666666665,0.1695752360435686,2415.09220327616,2764.08357851183,4.48558383,1.05e-05,348.99137523567015,1916234.5043769025,0.0001821235211236,0.0295,0.26,0.05,-0.05,-1.78,0.095,-0.123,<a refstr=STASSUN_ET_AL__2019 href=https://ui.adsabs.harvard.edu/abs/2019AJ....158..138S/abstract target=ref>TICv8</a>,,0.11,4.48558383,1.05e-05,-1.05e-05,,,,0.007375,0.025,-0.021,127.591,0.0,4.48558383,0.0,2947.848976103459,2700.607709990926,2700.607709990926,0.03680413759877782,0.04112799632369507,0.031889996623101144,75.98472222222222,16.939761935565524,-19.782132093105055,4.947990964926424,6.827980476506187e+35,3.615410330239438e+36,1.2215498689528002e+35,1.0631237522653283e+32,morton2016false,morton2016false
159376971,6,0.4371,0.017174787723093787,Kepler-138,,19.34,0.0,mazeh2015photometric,,,,,,,,,,,,,,,2455411.654266178,2456176.605708309,764.951442131307,inf,0.0,578.654266178091,1343.60570830927,10.3126,0.0005,764.9514421311791,212699.43752,0.003596396168463,0.076,0.44,0.02,-0.02,-1.222,0.054,-0.062,<a refstr=MANN_ET_AL__2013 href=https://ui.adsabs.harvard.edu/abs/2013ApJ...779..188M/abstract target=ref>Mann et al. 2013</a>,,0.047,10.3126,0.0004,-0.0006,,,,0.0033,0.003,-0.003,66.8624,0.0,10.3126,-9.999999999999996e-05,662.3055051207597,653.9936036833986,653.9936036833986,0.3850803503843689,0.4097805663168995,0.3585513469307974,1050.7118055555554,101.88621739964272,37.42339416385016,1.6249633536199133,7.311568737678742e+32,1.01395348119685e+33,5.084982800494953e+32,1.8534057796974333e+30,jontof-hutter2015mass,jontof-hutter2015mass
164884002,9,0.83035,0.030510927004380975,Kepler-55,,13.72,0.0,mazeh2015photometric,,,,,,,,,,,,,,,2455705.1015541484,2456405.578549132,700.4769949838519,inf,0.0,872.10155414854,1572.57854913231,2.2110990000000004,4e-06,700.4769949837699,1222239.6969502503,0.0005731093473167,0.0289999999999999,0.62,0.03,-0.03,-0.763,,,<a refstr=STASSUN_ET_AL__2019 href=https://ui.adsabs.harvard.edu/abs/2019AJ....158..138S/abstract target=ref>TICv8</a>,,0.142,2.2110990000000004,4e-06,-4e-06,,,,0.0072499999999999,0.008,-0.008,578.7959999999999,0.0,2.2110990000000004,0.0,524.514304223228,,,0.463392499434011,,,882.9097222222222,399.3080916875373,119.69088840788591,29.922722101971168,7.377407899775766e+35,,,3.393652311750749e+31,rowe2014validation,rowe2014validation
166527623,6,0.010450000000000001,0.004943345695646489,HIP 67522,,1.42,0.02,rizzuto2020tess,,,,,,3.41457851052193e+30,1.0243735531565789e+30,foster2022exoplanet,,,,,,,2458608.2868609014,2459342.0115429587,733.7246820572764,100.82,7.277570740500659,1608.28686090151,2342.01154295886,6.959503,1.55e-05,733.72468205735,3124818.1940005803,0.0002348055587573,0.07508648862,1.38,0.06,-0.06,0.243,0.022,-0.023,<a refstr=RIZZUTO_ET_AL__2020 href=https://ui.adsabs.harvard.edu/abs/2020AJ....160...33R/abstract target=ref>Rizzuto et al. 2020</a>,,0.898,6.959503,1.6e-05,-1.5e-05,,,,0.001540235664,0.042,-0.042,127.28,0.0,6.959503,4.999999999999994e-07,3384.6918299148147,45104.37007271554,289.8277518608775,0.15271554027431766,0.15883908647413011,0.14663003027401525,43.89583333333333,6.307322998974687,-457.8862100910049,12.404294455070566,3.01719556604735e+37,1.1655192084076789e+39,9.281640665024978e+35,2.1620383702393553e+35,rizzuto2020tess,rizzuto2020tess
169461816,31,0.38515,0.014482518197238121,KOI-12,,1.23,0.14,mazeh2015photometric,,,,,,,,,,,,,,,2454957.0381166902,2456383.63122342,1426.593106729444,10.80642857142857,132.01337493695698,124.03811669023,1550.63122341981,17.855182,7e-06,1426.59310672958,45543932.036160566,3.132345063216998e-05,0.154,1.4,0.07,-0.06,0.626,0.027,-0.03,<a refstr=STASSUN_ET_AL__2019 href=https://ui.adsabs.harvard.edu/abs/2019AJ....158..138S/abstract target=ref>TICv8</a>,1.49,1.23,17.855182,8e-06,-6e-06,0.0012289,-0.0012289,17.8739396,0.0091744829113322,0.06,-0.05,399.398,0.0050000000000000044,17.855182,9.999999999999997e-07,1460.40421054448,1492.960329961947,1492.960329961947,0.20558905959841417,0.23621934215718923,0.17600353332679142,1375.6027777777776,77.04221540714498,-1268.2628588074479,172.46630651479714,2.8890093168645475e+36,4.7529217916501764e+36,1.8769997493100514e+36,2.0916091997684735e+35,masuda2017eccentric,masuda2017eccentric
200322593,14,0.09255,0.016554052877367116,TOI-540,,0.7261,0.0003916,ment2021toi,,,,,,8.07769635265197e+27,2.423308905795591e+27,foster2022exoplanet,,,,,,,2458421.9738534307,2459195.2790401634,773.3051867326722,1346.3258682328908,0.5743818825583941,1421.97385343077,2195.27904016339,1.2391491,1.7e-06,773.3051867326201,903229.701194594,0.0008561556221079,0.01223,0.19,0.01,-0.01,-2.461,0.026,-0.027,<a refstr=MENT_ET_AL__2021 href=https://ui.adsabs.harvard.edu/abs/2021AJ....161...23M/abstract target=ref>Ment et al. 2021</a>,0.197117,0.081,1.2391491,1.7e-06,-1.7e-06,4.9000000000000005e-06,-4.9000000000000005e-06,1.2391534,0.0030575,0.005,-0.005,14.0022,0.0,1.2391491,0.0,3887.8849812891167,44545.659794888794,382.94922559075394,0.003472092808774475,0.0035795257070083673,0.0033640081445042726,111.23750000000001,89.76926182652275,-75.8677007500557,18.967182645124762,6.952172988172176e+37,7.997168069343003e+39,8.552649600080727e+35,3.845640388799378e+32,ment2021toi,ment2021toi
206548902,5,0.67735,0.1770449566258996,GJ 3082,,6.55,0.655,[*],no error given,,,,,4.81315754808368e+27,1.443947264425104e+27,foster2022exoplanet,,,,,,,2458359.917082472,2459110.429214928,750.5121324555948,inf,0.0,1359.91708247215,2110.42921492793,11.949,0.022,750.5121324557799,6489.93640909091,0.1156424478064969,0.079,0.47,0.01,-0.01,-1.463,0.091,-0.115,<a refstr=STASSUN_ET_AL__2019 href=https://ui.adsabs.harvard.edu/abs/2019AJ....158..138S/abstract target=ref>TICv8</a>,,0.2457104764366173,11.949,0.022,-0.022,,,,0.003,0.0968267833335489,-0.0733484333983063,16.6186,0.0,11.949,0.0,457.83612280154716,5178.265951311134,45.639878840459026,0.09881802928284482,0.12070600426918981,0.07790739768413903,47.13194444444444,3.9444258468863036,-59.286948198055185,13.31306491950631,1.6573963520473903e+34,1.169118852995408e+36,2.518333540051557e+32,3.834788772466079e+31,feng2020searcha,
218263393,18,0.81585,0.1290921505488747,GJ 674,,34.85,3.4850000000000003,[*],no error given,,,,,3.40979969476262e+27,1.022939908428786e+27,foster2022exoplanet,,,,,,,2458629.993650864,2459387.826846176,757.833195311483,inf,0.0,1629.99365086394,2387.82684617521,4.6938,0.007,757.83319531127,3147.394062857144,0.2407811605971333,0.039,0.36,0.01,-0.01,-1.796,,,<a refstr=BONFILS_ET_AL__2007 href=https://ui.adsabs.harvard.edu/abs/2007A&A...474..293B/abstract target=ref> Bonfils et al. 2007 </a>,,0.2946691137440945,4.6938,0.007,-0.007,,,,0.0007879600125824,0.1190217249254829,-0.0865114222725945,4.54896,0.0,4.6938,0.0,627.4125017248391,7035.377861569069,63.04548231460189,0.3583419651168262,,,47.57662037037037,10.136056152876213,78.21776402840885,1.9948960454702311,8.059386560338206e+35,4.436344825983275e+37,1.6901180585928027e+34,1.3664566555849958e+32,bonfils2007harps,
233193964,10,0.492,0.3171980243738392,GJ 687,,60.0,6.0,[*],"uncertainty is high, probably a few days",,,,,8.95809464381094e+26,2.6874283931432817e+26,foster2022exoplanet,,,,,,,2458738.7064113305,2459789.511468199,1050.8050568685867,inf,0.0,1738.70641133059,2789.51146819897,38.142,0.007,1050.8050568683798,207830.30914285715,0.0050560722408687,0.163,0.42,0.01,-0.01,-1.672,0.005,-0.005,<a refstr=BURT_ET_AL__2014 href=https://ui.adsabs.harvard.edu/abs/2014ApJ...789..114B/abstract target=ref> Burt et al. 2014</a>,,0.3833448257448412,38.142,0.007,-0.007,,,,0.003,0.1510054492970124,-0.1068013233340002,4.54939,0.0,38.142,0.0,197.80905029078625,2145.2467652497007,20.501654767335154,0.7116167123294382,0.7872974124870864,0.6367788765241446,437.93425925925925,11.481680542689404,16.936936206866967,2.9718727700124106,2.077017150657015e+32,1.2265972630069501e+34,4.033706174032952e+30,4.97761465242633e+30,feng2020search,
236387002,15,0.3357,0.017547269493190895,StM 274,,13.2,0.2,canas2022eccentric,,,,,,,,,,,,,,,2458961.064336628,2459719.9064068063,758.8420701790601,871.1999999999998,0.8710308427216027,1961.06433662718,2719.90640680651,7.2008603,2.3e-06,758.84207017933,22544516.98265917,3.365971738330066e-05,0.064,,,,,,,,0.5,,,,,2.3e-06,-2.3e-06,7.2008603,0.016,,,,,7.2008603,0.0,,,,,,,124.98125000000002,17.35643309175155,43.944261515732,11.015096357601788,,,,,,
267749737,6,0.46625,0.016110762448334523,Kepler-1084,,8.53,0.94,mazeh2015photometric,,,,,,,,,,,,,,,2455847.894618365,2456279.258780964,431.3641625987366,77.40521276595744,5.572805075841728,1014.89461836526,1446.25878096412,2.05333679,4.13e-06,431.36416259885993,1020869.727159202,0.0004225457481232,0.0324,1.28,0.27,-0.17,0.253,0.017,-0.017,<a refstr=STASSUN_ET_AL__2019 href=https://ui.adsabs.harvard.edu/abs/2019AJ....158..138S/abstract target=ref>TICv8</a>,,0.099,2.05333679,4.13e-06,-4.13e-06,,,,0.0081,0.021,-0.013,405.533,0.05,2.05333679,0.0,218.64912190237274,254.20409691500285,254.20409691500285,0.9279913321352671,1.0506180734550499,0.8097233523216059,625.9833333333332,304.8614997704947,130.34027786340803,32.90171909623002,7.804544016683046e+34,5.548738409462105e+35,2.2046142765341204e+34,3.1214716879210166e+30,morton2016false,morton2016false
272942100,3,0.4891,0.0364920082575167,Kepler-249,,36.422,0.336,mcquillan2013stellar,,,,,,,,,,,,,,,2456259.6891574166,2456331.5473395167,71.85818210011348,3948.1014404761895,0.0182006929617914,1426.68915741635,1498.54733951689,3.306539,1e-05,71.8581821005398,1093320.0158521,6.572474761155428e-05,0.035,0.48,0.02,-0.02,-1.495,0.075,-0.09,<a refstr=MANN_ET_AL__2013 href=https://ui.adsabs.harvard.edu/abs/2013ApJ...779..188M/abstract target=ref>Mann et al. 2013</a>,,0.0969999999999999,3.306539,1e-05,-1e-05,,,,0.00875,0.004,-0.004,190.401,0.0,3.306539,0.0,443.2667355452885,474.16562003811214,474.16562003811214,0.5296130509037661,0.5827023398203757,0.4730789599391034,727.6875000000001,220.075281132326,104.70151069582826,26.17555534560599,1.1340337705732914e+35,5.313867357319627e+35,3.503390425792529e+34,9.893309431761518e+30,rowe2014validation,rowe2014validation
273379660,3,0.7795,0.02225997903562952,Kepler-862,,26.656,0.347,mcquillan2013stellar,,,,,,,,,,,,,,,2459434.1199053247,2459442.0143398736,7.894434548914432,2047.672438040346,0.0038553209987382,2434.1199053248,2442.01433987368,3.14866453,7.03e-06,7.894434548879872,1410254.38442107,5.597879812386226e-06,0.039,0.84,0.07,-0.05,-0.103,,,<a refstr=STASSUN_ET_AL__2019 href=https://ui.adsabs.harvard.edu/abs/2019AJ....158..138S/abstract target=ref>TICv8</a>,,0.1969999999999999,3.14866453,7.03e-06,-7.03e-06,,,,0.00975,0.039,-0.015,1039.03,0.010000000000000002,3.14866453,0.0,87.20107570150157,,,1.9248188729077944,,,25.447222222222223,8.081909641298694,118.83330571633827,29.709048995640412,3.939939496294492e+34,,,1.792376367005766e+30,morton2016false,morton2016false
277888583,5,0.5147,0.2601965154775649,GJ 393,,34.15,0.22,amado2021carmenes,upper error given,,,,,,,,,,,,,,2459276.98308196,2459564.104445681,287.12136372132227,5301.011363636363,0.0541635065510148,2276.98308196013,2564.1044456814,7.02679,0.000835,287.12136372127,59132.6679091018,0.0048555455702189,0.05402,0.43,0.01,-0.01,-1.571,0.009,-0.009,<a refstr=AMADO_ET_AL__2021 href=https://ui.adsabs.harvard.edu/abs/2021A&A...650A.188A/abstract target=ref>Amado et al. 2021</a>,,0.1056709733595414,7.02679,0.00082,-0.00085,,,,0.013505,0.0169490323237809,-0.0137689761940109,7.03149,0.0,7.02679,-1.4999999999999985e-05,536.7736949600138,505.901222054394,505.901222054394,0.4549729706737418,0.4626732816621762,0.44738224880803656,65.28888888888888,9.291424518007352,66.42621727040087,16.60692436855294,1.9420890708688263e+34,9.546553830226494e+34,4.1698933849089513e+33,1.0923159622778398e+31,amado2021carmenes,amado2021carmenes
298969755,5,0.7643,0.013003076559030153,Kepler-155,,26.43,1.32,torres2017validation,,,,,,,,,,,,,,,2456364.16145968,2456387.332141819,23.17068213922903,529.2006818181818,0.0437843013724419,1531.16145967956,1554.33214181896,5.9311940000000005,8e-06,23.17068213940001,4397382.783204501,5.269198357691041e-06,0.0559999999999999,0.62,0.03,-0.03,-1.21,0.186,-0.3879999999999999,<a refstr=TORRES_ET_AL__2017 href=https://ui.adsabs.harvard.edu/abs/2017AJ....154..264T/abstract target=ref>Torres et al. 2017</a>,,0.186,5.9311940000000005,8e-06,-8e-06,,,,0.0139999999999999,0.019,-0.019,293.499,0.0,5.9311940000000005,0.0,439.1279610598072,734.7859084760994,734.7859084760994,0.5335707965281458,0.6939974521061353,0.3242960069698393,133.72708333333333,22.546401843091513,79.66523429970337,19.949552874459055,4.780929063265372e+34,4.559287973076944e+35,2.350670876409015e+34,2.7163879930577433e+31,rowe2014validation,rowe2014validation
307210830,5,0.97815,0.029153558959413493,L 98-59,,80.9,5.3,demangeon2021warm,lower error given,,,,,3.41228165288223e+26,1.0236844958646688e+26,foster2022exoplanet,,,,,,,2458593.8219329426,2459382.250189905,788.4282569624484,1234.869811320755,0.6384707519241927,1593.82193294257,2382.25018990485,2.2531136000000003,1.35e-06,788.4282569622799,3760385.847781453,0.0002096668503918,0.02191,0.3,0.03,-0.02,-1.948,0.016,-0.016,<a refstr=DEMANGEON_ET_AL__2021 href=https://ui.adsabs.harvard.edu/abs/2021A&A...653A..41D/abstract target=ref>Demangeon et al. 2021</a>,0.31416,0.076,2.2531136000000003,1.2e-06,-1.5e-06,2.6e-06,-2.6e-06,2.2531084,0.0008,0.005,-0.004,10.6194,0.004999999999999999,2.2531136000000003,-1.5000000000000005e-07,210.47681828756123,2155.787308647354,23.070208982502503,0.6983021998160718,0.7578829805031079,0.6406438834319821,335.4664351851851,148.89015590922048,102.84515536762768,3.760143624066274,1.6495371452194814e+35,5.013242024862991e+36,6.482183972762339e+33,1.345037697785559e+30,demangeon2021warm,demangeon2021warm
388857263,191,0.37065000000000003,0.25361374174125506,Proxima Cen,,83.0,8.3,[*],"uncertainty is high, probably a few days",,,,,6.52172547896999e+26,1.956517643690997e+26,foster2022exoplanet,,,,,,,2458599.234078937,2459360.4923606343,761.2582816970535,inf,0.0,1599.23407893709,2360.49236063417,11.186,0.0015,761.2582816970798,83417.73066666666,0.0091258570044183,0.0485,0.14,0.02,-0.02,-2.81,0.016,-0.017,<a refstr=ANGLADA_ESCUD_EACUTE__ET_AL__2016 href=https://ui.adsabs.harvard.edu/abs/2016Natur.536..437A/abstract target=ref>Anglada-Escud&eacute et al. 2016</a>,,0.0971077966081539,11.186,0.001,-0.002,,,,0.0041,0.0124754267204474,-0.0101477117833283,1.30119,0.0,11.186,-0.0005,1456.263113628567,15668.481705325747,152.04587328154028,0.2655663110799148,0.29755391316563207,0.23437726948070134,72.15856481481481,6.450792491937673,40.81215115990107,3.5081776144809984,5.86811691191047e+34,2.7443743257232616e+36,1.528503498511298e+33,4.171500292345387e+31,anglada-escude2016terrestrial,anglada-escude2016terrestrial
399954349,74,0.39535,0.015477618249157924,Kepler-411,,10.4,0.03,sun2019kepler411,,,,,,,,,,,,,,,2455835.949915731,2456424.0005454784,588.0506297475658,3605.333333333334,0.1631057589906339,1002.94991573099,1591.00054547855,3.005156,2e-06,588.05062974756,4515481.292168,0.0001302298895064,0.0375,0.82,0.02,-0.02,-0.579,0.02,-0.013,<a refstr=STASSUN_ET_AL__2019 href=https://ui.adsabs.harvard.edu/abs/2019AJ....158..138S/abstract target=ref>TICv8</a>,0.731146,0.214,3.005156,2e-06,-2e-06,2.92e-05,-2.92e-05,7.834465400000001,0.0008,0.005,-0.005,153.67600000000002,0.0,3.005156,0.0,569.4315280401422,534.8101589358721,534.8101589358721,0.43413842650657347,0.4455323022437505,0.42645542642051165,507.9710648148149,169.03317658544677,96.52758959939644,2.062361857535755,5.392508559080279e+35,5.783237793433522e+35,4.254846302203356e+35,7.326168788543046e+31,sun2019kepler411,sun2019kepler411
410214986,61,0.4325,0.020002999775033753,DS Tuc A,,2.85,0.05,newton2019tess,lower error given,,,,,7.16191637560967e+29,2.148574912682901e+29,foster2022exoplanet,binary,newton2019tess,,,,,2458325.461305775,2459084.82135331,759.3600475345738,162.45,4.674423191964136,1325.4613057753,2084.82135330972,8.138268,1.1e-05,759.3600475344201,6021036.912711272,0.0001261178196618,,0.96,0.03,-0.03,-0.14,0.008,-0.008,<a refstr=NEWTON_ET_AL__2019 href=https://ui.adsabs.harvard.edu/abs/2019ApJ...880L..17N/abstract target=ref>Newton et al. 2019</a>,0.951985,0.509,8.138268,1.1e-05,-1.1e-05,6.5e-06,-6.5e-06,8.138224300000001,,0.015,-0.015,44.0622,0.0,8.138268,0.0,2602.7117310433887,33356.39895167547,231.07519222392037,0.19721491129079455,0.20253164328175996,0.19197864404390008,69.91828703703703,8.59129817757747,,,,,,,newton2019tess,newton2019tess
434226736,3,0.16345,0.00909413730561251,K2-25,,1.878,0.005,stefansson2020habitable,,,,,,1.76119295283186e+28,5.28357885849558e+27,foster2022exoplanet,,,,,,,2459505.341284601,2459519.0364426817,13.695158080663532,705.3767999999999,0.0194153792422199,2505.34128460089,2519.03644268149,3.48456408,5.5e-07,13.695158080599867,22076703.32295681,6.203443458135681e-07,0.0287,0.29,0.01,-0.01,-2.088,0.015,-0.016,<a refstr=STEFANSSON_ET_AL__2020 href=https://ui.adsabs.harvard.edu/abs/2020AJ....160..192S/abstract target=ref>Stefansson et al. 2020</a>,0.290216,0.306,3.48456408,6e-07,-5e-07,0.0002948999999999,-0.0002948999999999,3.4847528,0.0027615503346865,0.011,-0.011,44.9565,0.0,3.48456408,5e-08,2733.2377414742064,31932.045817131493,264.4031831974362,0.013797184647564893,0.014074896455738995,0.013509294394691874,21.754166666666666,6.243009503405851,-76.6526976985787,7.3888900615101,2.066303677553653e+37,9.660225525569992e+38,5.3362198636722126e+35,2.7405643766444207e+33,stefansson2020habitable,stefansson2020habitable
435907158,15,0.56555,0.21414937932823122,TAP 26,,0.71,0.071,[*],no error given,,,,,1.07188226217085e+30,3.21564678651255e+29,foster2022exoplanet,,,,,,,2459477.0778347184,2459517.8002301934,40.722395475022495,inf,0.0,2477.07783471845,2517.80023019326,10.79,0.14,40.72239547481013,831.600714285714,0.0489686874665418,0.0968,1.17,0.17,-0.17,-0.25,0.1,-0.1,<a refstr=YU_ET_AL__2017 href=https://ui.adsabs.harvard.edu/abs/2017MNRAS.467.1342Y/abstract target=ref>Yu et al. 2017</a>,,1.1979573489793247,10.79,0.14,-0.14,,,,0.0032,0.2203898999041287,-0.1938834918205065,121.402,0.0,10.79,0.0,2261.6785911492602,29279.18651665161,198.9313524895336,0.043286576311060455,0.05342517118901604,0.03472128157124754,44.173611111111114,4.093939862012152,-1385.6311369211621,155.2350008151654,3.436515652444078e+37,1.8627456556488024e+39,7.36255951275889e+35,5.198846726032109e+35,yu2017hot,yu2017hot
439403362,72,0.66925,0.36997215661001664,YZ Cet,,68.28,0.28,stock2020carmenes,upper error given,,,,,2.88517216381883e+27,8.65551649145649e+26,foster2022exoplanet,,,,,,,2458385.995430879,2459142.084793983,756.0893631041981,16650.565714285713,0.0454092296969522,1385.99543087871,2142.08479398286,2.02087,7.999999999999999e-05,756.0893631041499,51048.94446125001,0.0148110675173328,0.01634,0.16,0.01,-0.01,-2.659,0.008,-0.008,<a refstr=STOCK_ET_AL__2020 href=https://ui.adsabs.harvard.edu/abs/2020A&A...636A.119S/abstract target=ref>Stock et al. 2020</a>,,0.0819672834955451,2.02087,7e-05,-9e-05,,,,0.00035,0.0085858885575305,-0.0083944799701069,3.71207,0.0,2.02087,-1.0000000000000006e-05,2857.564010852742,31909.316921398145,288.2550024113049,0.25994914959178395,0.26343028242073274,0.25650970503076864,40.545138888888886,20.063209849663206,85.36059429486015,1.8284405232755043,1.667400097553122e+37,5.657357035850347e+38,5.671269781346131e+35,2.393565646698993e+32,stock2020carmenes,stock2020carmenes
441420236,189,0.5845,0.03243146620182317,AU Mic,,4.857,0.004,zicher2022one,upper error given,,,,,4.790100498141e+29,1.4370301494423e+29,foster2022exoplanet,,,3010.0,220.0,reiners2022magnetism,,2458325.5764,2459060.5019,734.9254999998957,5897.612250000001,0.1246140758066784,1325.5764,2060.5019,8.463,2e-06,734.9255000000003,35811184.5,2.052223377308283e-05,0.0645,0.75,0.03,-0.03,-1.046,0.087,-0.109,<a refstr=ZICHER_ET_AL__2022 href=https://ui.adsabs.harvard.edu/abs/2022MNRAS.512.3060Z/abstract target=ref>Zicher et al. 2022</a>,0.698009,0.363,,,,2e-06,-2e-06,8.463,0.0013,0.015,-0.015,9.7221,0.0,8.463,0.0,3305.8726719300694,41944.49850541922,296.2499254441853,0.11843034434734163,0.13101484567929828,0.10437708884142939,48.449074074074076,5.724810832337715,-61.5580041531332,1.246395854399196,1.1796558127779503e+36,4.1897385808340374e+37,3.93291942997999e+34,4.530904608439367e+33,zicher2022one,
460205581,4,0.68555,0.039466230290380315,TOI-837,,3.0,0.05,bouma2020cluster,,35.0,11.0,5.0,bouma2020cluster,2.91171654800721e+29,8.73514964402163e+28,foster2022exoplanet,,,,,,,2458574.3119700765,2459335.5325472406,761.2205771640874,180.0,4.229003206467152,1574.31197007663,2335.53254724061,8.3248762,1.57e-05,761.2205771639799,4414239.729001685,0.0001724465873846,0.081872454444,1.02,0.08,-0.08,0.0409999999999999,0.002,-0.003,<a refstr=GAIA_COLLABORATION_ET_AL__2018 href=https://ui.adsabs.harvard.edu/abs/2018A&A...616A...1G/abstract target=ref>Gaia DR2</a>,1.01,0.77,8.3248762,1.57e-05,-1.57e-05,8.3e-06,-8.3e-06,8.3249309,0.020468113611,0.09,-0.09,142.488,0.0,8.3248762,0.0,1304.2945855188386,16344.185694375805,118.23713287285412,0.25569141306853693,0.2605521900276367,0.2505629794066146,93.28055555555557,11.205038166880556,-189.90649784140922,47.733799719486385,1.8252366589733338e+36,2.6209172306727735e+38,1.7775813477650637e+34,9.790109546249562e+33,bouma2020cluster,bouma2020cluster
468989066,3,0.48450000000000004,0.027848399116167048,K2-354,,10.39,0.81,deleon202137,found under the EPIC ID,,,,,,,,,,,,,,2459252.818184131,2459558.07513511,305.25695097912103,133.2741975308642,2.290442986223409,2252.81818413062,2558.07513511003,3.793306,0.0003335,305.2569509794098,43145.9382597781,0.0070749869696072,0.036322495935,0.41,0.01,-0.01,-1.614,0.094,-0.12,<a refstr=STASSUN_ET_AL__2019 href=https://ui.adsabs.harvard.edu/abs/2019AJ....158..138S/abstract target=ref>TICv8</a>,,0.139,3.793306,0.000324,-0.000343,,,,0.00908062398375,0.0069999999999999,-0.0069999999999999,91.722,0.0,3.793306,-9.499999999999987e-06,2558.691502945597,2694.505132315532,2694.505132315532,0.13173780897863452,0.15823877465034966,0.10579384405125965,90.12916666666668,23.760056970533533,66.13938240069244,16.798577329066486,1.3131846462354978e+36,6.151743000464173e+36,3.8770215949105146e+35,4.27602743439558e+32,deleon202137,deleon202137
734710085,94,0.7188,0.03919897957855534,HD 41004 B,,,,zucker2003multiorder,"not very fast, but hard to measure in triple system",,,,,3.43159329404028e+29,1.029477988212084e+29,foster2022exoplanet,triple system,zucker2004multiorder,,,,,2458442.094424281,2459249.82715432,807.7327300389297,inf,0.0,1442.09442428093,2249.82715431952,1.3283,1.2e-05,807.73273003859,147031.74083333334,0.0054935942774029,,1.04,0.06,-0.07,-0.202,0.017,-0.013,<a refstr=STASSUN_ET_AL__2019 href=https://ui.adsabs.harvard.edu/abs/2019AJ....158..138S/abstract target=ref>TICv8</a>,,1.0659604573742354,1.3283,1.2e-05,-1.2e-05,,,,,0.2142352809292345,-0.174393831730569,41.5504,-0.0050000000000000044,1.3283,0.0,1392.0842040627772,17685.671769758013,124.51616824806602,,,,139.05138888888888,104.68372271993441,,,,,,,zucker2004multiorder,
